{"cameraMode":{"drawMode":0,"name":"Shaded","section":"Shading Mode"},"sceneLighting":true,"audioPlay":false,"sceneViewState":{"showFog":true,"showMaterialUpdate":true,"showSkybox":true,"showFlares":true,"showImageEffects":true,"showParticleSystems":true},"in2DMode":false,"pivot":{"x":-1.093043327331543,"y":5.03010368347168,"z":-7.566792964935303},"rotation":{"x":-0.2752488851547241,"y":-0.1030104011297226,"z":0.029685817658901216,"w":-0.9554073214530945},"size":4.844778060913086,"orthographic":false}